client_reference,full_customer_name,contact_email,transaction_ref,item_reference,transaction_date,amount_paid,payment_status,delivery_status,customer_segment,region,product_line,quantity_ordered,unit_cost,total_value,discount_applied,shipping_fee,tax_amount,notes_comments,last_modified_timestamp
CLI_0293,Bob Wilson,reconcile1@test.com,TXN_00479,ITM_052,9/17/2023,941.45,PENDING,PENDING,PREMIUM,NORTH,FASHION,10,95.15,627.07,16.22,28.66,44.36,,2023-08-09T18:30:00.000Z
CLI_0383,Bob Wilson,reconcile2@test.com,TXN_00862,ITM_148,3/20/2023,767.53,FAILED,IN_TRANSIT,STANDARD,SOUTH,BOOKS,2,69.30,614.99,9.91,20.37,23.59,Additional processing required,2023-09-27T18:30:00.000Z
CLI_0335,John Smith,reconcile3@test.com,TXN_00973,ITM_156,3/28/2023,426.61,COMPLETED,PENDING,PREMIUM,WEST,ELECTRONICS,6,126.54,505.23,62.87,26.35,44.88,Additional processing required,2023-02-18T18:30:00.000Z
CLI_0267,Jane Doe,reconcile4@test.com,TXN_00735,ITM_080,9/12/2023,337.69,PENDING,DELIVERED,PREMIUM,EAST,HOME,3,125.38,118.81,39.89,14.66,22.76,,2023-05-10T18:30:00.000Z
CLI_0275,Jane Doe,reconcile5@test.com,TXN_00753,ITM_017,3/8/2023,911.64,FAILED,DELIVERED,PREMIUM,NORTH,ELECTRONICS,6,293.91,149.70,52.23,25.15,29.58,,2022-12-31T18:30:00.000Z
CLI_0341,Bob Wilson,reconcile6@test.com,TXN_00896,ITM_112,12/19/2023,591.67,PENDING,DELIVERED,VIP,WEST,FASHION,5,43.96,440.71,95.27,15.72,24.07,Additional processing required,2023-12-11T18:30:00.000Z
CLI_0301,Bob Wilson,reconcile7@test.com,TXN_00106,ITM_188,5/15/2023,437.26,PENDING,DELIVERED,VIP,EAST,ELECTRONICS,3,51.57,468.42,74.18,14.29,27.53,Additional processing required,2023-05-01T18:30:00.000Z
CLI_0049,Alice Johnson,reconcile8@test.com,TXN_00629,ITM_100,8/4/2023,858.07,FAILED,PENDING,VIP,EAST,BOOKS,5,274.94,115.07,46.02,7.43,16.89,,2023-11-03T18:30:00.000Z
CLI_0085,Alice Johnson,reconcile9@test.com,TXN_00981,ITM_172,11/14/2023,121.27,COMPLETED,DELIVERED,STANDARD,NORTH,ELECTRONICS,3,33.82,185.84,47.13,12.50,43.66,Additional processing required,2023-04-22T18:30:00.000Z
CLI_0444,Bob Wilson,reconcile10@test.com,TXN_00961,ITM_184,6/11/2023,671.40,FAILED,IN_TRANSIT,VIP,SOUTH,BOOKS,4,248.36,481.32,35.45,28.48,8.07,,2023-11-01T18:30:00.000Z
CLI_0227,Alice Johnson,reconcile11@test.com,TXN_00965,ITM_152,12/15/2023,454.40,PENDING,PENDING,PREMIUM,SOUTH,HOME,6,152.16,140.62,70.60,14.38,25.53,,2023-11-09T18:30:00.000Z
CLI_0396,Bob Wilson,reconcile12@test.com,TXN_00585,ITM_162,3/23/2023,872.38,PENDING,DELIVERED,VIP,SOUTH,HOME,10,210.37,447.30,71.82,18.77,22.56,,2023-06-11T18:30:00.000Z
CLI_0015,John Smith,reconcile13@test.com,TXN_00914,ITM_151,1/2/2023,443.67,PENDING,PENDING,PREMIUM,EAST,BOOKS,3,154.97,691.80,5.19,22.93,49.79,,2023-04-23T18:30:00.000Z
CLI_0237,John Smith,reconcile14@test.com,TXN_00808,ITM_055,2/26/2023,479.80,COMPLETED,DELIVERED,VIP,SOUTH,ELECTRONICS,7,258.19,193.98,9.35,14.83,37.43,,2023-05-04T18:30:00.000Z
CLI_0233,John Smith,reconcile15@test.com,TXN_00489,ITM_115,5/14/2023,405.86,COMPLETED,DELIVERED,VIP,EAST,FASHION,3,277.30,295.88,81.47,25.86,25.33,Additional processing required,2023-11-25T18:30:00.000Z
CLI_0102,Jane Doe,reconcile16@test.com,TXN_00912,ITM_045,7/22/2023,637.73,PENDING,DELIVERED,STANDARD,SOUTH,FASHION,4,76.80,247.66,95.34,18.16,9.23,Additional processing required,2023-02-05T18:30:00.000Z
CLI_0358,Jane Doe,reconcile17@test.com,TXN_00565,ITM_155,10/4/2023,732.10,COMPLETED,PENDING,STANDARD,EAST,BOOKS,7,141.28,782.48,67.10,20.95,45.35,,2023-06-02T18:30:00.000Z
CLI_0166,Alice Johnson,reconcile18@test.com,TXN_00774,ITM_164,5/19/2023,79.90,PENDING,IN_TRANSIT,STANDARD,WEST,FASHION,6,67.21,366.63,40.86,25.03,57.32,,2023-02-12T18:30:00.000Z
CLI_0397,Bob Wilson,reconcile19@test.com,TXN_00177,ITM_053,1/12/2023,637.07,COMPLETED,IN_TRANSIT,PREMIUM,EAST,FASHION,1,138.58,868.74,9.57,5.95,42.94,,2023-12-13T18:30:00.000Z
CLI_0452,Alice Johnson,reconcile20@test.com,TXN_00010,ITM_069,1/28/2023,495.15,COMPLETED,IN_TRANSIT,STANDARD,NORTH,FASHION,3,179.21,776.74,29.39,18.55,35.51,Additional processing required,2023-04-08T18:30:00.000Z
CLI_0247,Jane Doe,reconcile21@test.com,TXN_00522,ITM_011,12/20/2023,1026.95,COMPLETED,IN_TRANSIT,PREMIUM,SOUTH,ELECTRONICS,10,79.14,216.98,0.57,28.92,31.10,Additional processing required,2023-01-21T18:30:00.000Z
CLI_0085,Bob Wilson,reconcile22@test.com,TXN_00707,ITM_176,5/3/2023,744.88,FAILED,DELIVERED,PREMIUM,NORTH,ELECTRONICS,9,77.99,896.05,15.54,13.71,25.80,,2023-05-17T18:30:00.000Z
CLI_0192,John Smith,reconcile23@test.com,TXN_00825,ITM_123,6/7/2023,932.96,PENDING,IN_TRANSIT,STANDARD,EAST,FASHION,1,271.84,888.74,80.35,20.71,11.96,Additional processing required,2023-09-11T18:30:00.000Z
CLI_0365,Bob Wilson,reconcile24@test.com,TXN_00990,ITM_177,11/11/2023,178.25,FAILED,PENDING,STANDARD,WEST,FASHION,3,113.42,133.45,25.70,6.73,35.93,,2023-10-12T18:30:00.000Z
CLI_0170,Alice Johnson,reconcile25@test.com,TXN_00109,ITM_113,10/27/2023,410.10,PENDING,PENDING,PREMIUM,NORTH,BOOKS,6,31.03,725.73,95.49,15.60,30.76,Additional processing required,2023-11-21T18:30:00.000Z
CLI_0264,Jane Doe,reconcile26@test.com,TXN_00008,ITM_192,12/25/2023,269.87,PENDING,DELIVERED,PREMIUM,WEST,HOME,10,170.52,291.34,37.27,23.79,26.97,,2023-03-25T18:30:00.000Z
CLI_0381,Bob Wilson,reconcile27@test.com,TXN_00930,ITM_146,8/20/2023,82.05,PENDING,DELIVERED,STANDARD,SOUTH,HOME,3,15.73,206.10,73.71,20.60,17.28,,2023-04-23T18:30:00.000Z
CLI_0343,Alice Johnson,reconcile28@test.com,TXN_00644,ITM_067,4/14/2023,468.64,FAILED,PENDING,VIP,WEST,FASHION,5,235.28,781.54,27.55,22.07,27.41,,2023-05-17T18:30:00.000Z
CLI_0306,Bob Wilson,reconcile29@test.com,TXN_00594,ITM_127,1/1/2023,484.87,COMPLETED,PENDING,STANDARD,EAST,ELECTRONICS,3,83.69,550.38,77.05,18.28,25.46,,2023-07-05T18:30:00.000Z
CLI_0002,Jane Doe,reconcile30@test.com,TXN_00874,ITM_199,8/28/2023,720.68,COMPLETED,PENDING,PREMIUM,NORTH,ELECTRONICS,8,259.67,894.65,53.21,16.77,49.56,,2023-01-17T18:30:00.000Z
CLI_0167,John Smith,reconcile31@test.com,TXN_00903,ITM_175,5/23/2023,869.52,PENDING,IN_TRANSIT,VIP,NORTH,ELECTRONICS,5,188.26,376.27,65.29,25.32,45.87,Additional processing required,2023-11-25T18:30:00.000Z
CLI_0359,Bob Wilson,reconcile32@test.com,TXN_00864,ITM_022,7/20/2023,924.49,PENDING,IN_TRANSIT,PREMIUM,SOUTH,BOOKS,10,241.59,236.59,24.53,15.17,12.17,Additional processing required,2023-10-16T18:30:00.000Z
CLI_0218,Alice Johnson,reconcile33@test.com,TXN_00968,ITM_177,3/9/2023,705.33,FAILED,PENDING,STANDARD,EAST,BOOKS,1,265.18,203.32,33.79,15.25,20.75,,2023-01-14T18:30:00.000Z
CLI_0356,Jane Doe,reconcile34@test.com,TXN_00614,ITM_196,1/20/2023,566.39,COMPLETED,DELIVERED,VIP,NORTH,ELECTRONICS,7,16.36,833.59,33.37,8.62,61.59,,2023-08-20T18:30:00.000Z
CLI_0104,Bob Wilson,reconcile35@test.com,TXN_00667,ITM_113,12/15/2023,266.07,PENDING,DELIVERED,PREMIUM,EAST,ELECTRONICS,3,227.94,423.96,34.13,10.35,49.93,,2023-09-05T18:30:00.000Z
CLI_0259,John Smith,reconcile36@test.com,TXN_00315,ITM_104,4/17/2023,898.19,FAILED,PENDING,PREMIUM,NORTH,ELECTRONICS,5,162.89,491.21,41.33,6.61,60.46,,2023-07-22T18:30:00.000Z
CLI_0449,Bob Wilson,reconcile37@test.com,TXN_00398,ITM_071,4/17/2023,315.02,FAILED,PENDING,PREMIUM,WEST,BOOKS,2,70.86,390.15,0.02,7.37,60.84,Additional processing required,2023-11-21T18:30:00.000Z
CLI_0485,Alice Johnson,reconcile38@test.com,TXN_00109,ITM_154,3/4/2023,192.76,FAILED,DELIVERED,PREMIUM,NORTH,HOME,9,33.22,467.57,47.34,19.59,58.46,Additional processing required,2023-03-10T18:30:00.000Z
CLI_0194,John Smith,reconcile39@test.com,TXN_00640,ITM_147,9/2/2023,567.48,COMPLETED,IN_TRANSIT,STANDARD,EAST,ELECTRONICS,10,209.79,477.66,79.90,25.66,31.31,,2023-08-26T18:30:00.000Z
CLI_0023,Bob Wilson,reconcile40@test.com,TXN_00147,ITM_070,3/19/2023,63.81,FAILED,DELIVERED,STANDARD,SOUTH,FASHION,4,63.45,717.57,98.48,21.44,39.99,Additional processing required,2023-05-09T18:30:00.000Z
CLI_0309,John Smith,reconcile41@test.com,TXN_00205,ITM_024,4/18/2023,340.14,PENDING,DELIVERED,PREMIUM,NORTH,FASHION,4,237.39,209.40,31.03,23.65,39.49,,2023-11-30T18:30:00.000Z
CLI_0448,Jane Doe,reconcile42@test.com,TXN_00631,ITM_030,9/18/2023,640.11,COMPLETED,DELIVERED,STANDARD,WEST,BOOKS,2,273.24,443.36,38.24,16.39,57.38,Additional processing required,2023-06-22T18:30:00.000Z
CLI_0121,Jane Doe,reconcile43@test.com,TXN_00532,ITM_078,6/25/2023,221.00,FAILED,PENDING,VIP,EAST,FASHION,2,235.24,712.33,73.43,27.38,17.13,,2023-04-24T18:30:00.000Z
CLI_0088,Bob Wilson,reconcile44@test.com,TXN_00246,ITM_075,11/18/2023,675.11,COMPLETED,IN_TRANSIT,PREMIUM,SOUTH,FASHION,7,272.63,193.65,40.65,27.42,53.25,,2023-08-11T18:30:00.000Z
CLI_0470,Bob Wilson,reconcile45@test.com,TXN_00399,ITM_083,9/23/2023,549.48,FAILED,IN_TRANSIT,VIP,WEST,BOOKS,6,276.55,397.38,62.32,12.78,57.41,,2023-10-22T18:30:00.000Z
CLI_0484,Bob Wilson,reconcile46@test.com,TXN_00021,ITM_139,11/17/2023,754.71,PENDING,DELIVERED,VIP,EAST,ELECTRONICS,7,15.57,122.87,88.18,13.79,21.42,Additional processing required,2023-03-24T18:30:00.000Z
CLI_0105,Bob Wilson,reconcile47@test.com,TXN_00422,ITM_190,8/11/2023,997.40,FAILED,DELIVERED,VIP,NORTH,FASHION,3,305.38,302.07,82.93,9.36,22.26,,2023-09-02T18:30:00.000Z
CLI_0046,John Smith,reconcile48@test.com,TXN_00838,ITM_127,5/22/2023,718.90,PENDING,IN_TRANSIT,PREMIUM,SOUTH,BOOKS,1,14.81,105.47,26.31,17.32,50.15,Additional processing required,2023-08-18T18:30:00.000Z
CLI_0429,Jane Doe,reconcile49@test.com,TXN_00834,ITM_006,10/22/2023,321.47,PENDING,DELIVERED,VIP,EAST,FASHION,4,250.10,587.40,91.27,26.55,54.38,,2023-09-21T18:30:00.000Z
CLI_0466,Alice Johnson,reconcile50@test.com,TXN_00329,ITM_092,2/3/2023,1010.16,PENDING,IN_TRANSIT,VIP,WEST,HOME,3,203.40,339.21,10.52,12.71,9.71,,2023-12-15T18:30:00.000Z
CLI_0154,Bob Wilson,reconcile51@test.com,TXN_00463,ITM_047,7/8/2023,912.07,PENDING,PENDING,STANDARD,EAST,BOOKS,5,156.36,488.23,39.31,6.61,38.94,,2023-10-21T18:30:00.000Z
CLI_0089,John Smith,reconcile52@test.com,TXN_00942,ITM_071,5/20/2023,790.15,COMPLETED,PENDING,STANDARD,WEST,HOME,2,232.91,786.75,8.14,8.45,20.98,Additional processing required,2023-02-01T18:30:00.000Z
CLI_0236,John Smith,reconcile53@test.com,TXN_00174,ITM_053,5/13/2023,888.66,FAILED,DELIVERED,STANDARD,NORTH,ELECTRONICS,2,25.90,816.46,38.11,9.80,35.69,Additional processing required,2023-05-24T18:30:00.000Z
CLI_0169,Bob Wilson,reconcile54@test.com,TXN_00199,ITM_057,5/16/2023,243.26,FAILED,DELIVERED,PREMIUM,SOUTH,ELECTRONICS,4,26.84,610.64,83.85,16.50,13.59,Additional processing required,2023-08-18T18:30:00.000Z
CLI_0088,John Smith,reconcile55@test.com,TXN_00317,ITM_103,3/10/2023,1006.15,PENDING,PENDING,STANDARD,WEST,HOME,3,207.93,689.60,2.70,15.31,32.78,,2023-09-09T18:30:00.000Z
CLI_0337,Jane Doe,reconcile56@test.com,TXN_00303,ITM_076,11/1/2023,448.76,FAILED,DELIVERED,PREMIUM,SOUTH,ELECTRONICS,6,178.73,176.15,0.28,22.95,26.83,,2023-06-05T18:30:00.000Z
CLI_0473,Alice Johnson,reconcile57@test.com,TXN_00141,ITM_107,6/19/2023,512.51,COMPLETED,PENDING,PREMIUM,WEST,FASHION,6,168.15,778.83,24.75,28.11,11.73,Additional processing required,2023-02-03T18:30:00.000Z
CLI_0006,John Smith,reconcile58@test.com,TXN_00385,ITM_042,5/20/2023,981.29,FAILED,PENDING,STANDARD,SOUTH,ELECTRONICS,4,85.99,281.19,86.44,28.30,64.75,Additional processing required,2023-08-08T18:30:00.000Z
CLI_0154,Bob Wilson,reconcile59@test.com,TXN_00775,ITM_021,5/26/2023,984.02,PENDING,DELIVERED,STANDARD,SOUTH,HOME,9,134.28,239.24,88.39,11.40,28.62,,2023-10-31T18:30:00.000Z
CLI_0465,Bob Wilson,reconcile60@test.com,TXN_00998,ITM_150,2/4/2023,416.23,PENDING,DELIVERED,VIP,NORTH,ELECTRONICS,8,219.69,779.25,48.44,22.26,59.17,Additional processing required,2023-06-22T18:30:00.000Z
CLI_0043,Jane Doe,reconcile61@test.com,TXN_00376,ITM_180,5/10/2023,765.42,PENDING,PENDING,STANDARD,SOUTH,ELECTRONICS,3,228.05,742.31,43.45,7.08,50.53,,2023-12-19T18:30:00.000Z
CLI_0304,Jane Doe,reconcile62@test.com,TXN_00289,ITM_194,5/26/2023,195.85,PENDING,DELIVERED,STANDARD,EAST,FASHION,1,198.92,386.01,4.64,5.65,54.30,,2023-10-09T18:30:00.000Z
CLI_0339,Bob Wilson,reconcile63@test.com,TXN_00506,ITM_120,9/14/2023,389.23,PENDING,DELIVERED,VIP,SOUTH,BOOKS,7,167.20,851.70,59.03,18.02,39.31,,2023-09-12T18:30:00.000Z
CLI_0209,Jane Doe,reconcile64@test.com,TXN_00874,ITM_144,4/28/2023,959.95,FAILED,DELIVERED,PREMIUM,EAST,BOOKS,5,140.53,789.66,50.73,26.40,38.26,,2023-06-18T18:30:00.000Z
CLI_0258,John Smith,reconcile65@test.com,TXN_00748,ITM_122,5/19/2023,837.48,FAILED,PENDING,VIP,WEST,BOOKS,5,70.47,891.17,72.18,7.09,41.75,,2023-03-04T18:30:00.000Z
CLI_0336,Alice Johnson,reconcile66@test.com,TXN_00557,ITM_102,4/1/2023,563.84,PENDING,DELIVERED,PREMIUM,EAST,BOOKS,9,156.96,891.65,40.96,9.88,32.49,,2023-05-13T18:30:00.000Z
CLI_0176,Alice Johnson,reconcile67@test.com,TXN_00386,ITM_090,12/27/2023,274.45,PENDING,PENDING,VIP,EAST,HOME,9,25.40,473.06,23.09,12.88,38.84,,2023-07-11T18:30:00.000Z
CLI_0237,John Smith,reconcile68@test.com,TXN_00896,ITM_169,9/18/2023,251.54,FAILED,DELIVERED,VIP,WEST,FASHION,4,176.37,785.40,95.54,6.06,55.77,Additional processing required,2023-11-18T18:30:00.000Z
CLI_0202,John Smith,reconcile69@test.com,TXN_00746,ITM_186,2/3/2023,758.74,COMPLETED,DELIVERED,VIP,EAST,BOOKS,4,167.37,203.87,3.28,14.50,60.12,Additional processing required,2023-01-18T18:30:00.000Z
CLI_0087,Bob Wilson,reconcile70@test.com,TXN_00716,ITM_009,2/10/2023,907.38,FAILED,IN_TRANSIT,PREMIUM,SOUTH,FASHION,6,309.98,316.47,19.98,21.92,40.16,Additional processing required,2023-09-05T18:30:00.000Z
CLI_0102,Alice Johnson,reconcile71@test.com,TXN_00634,ITM_010,2/25/2023,832.94,PENDING,DELIVERED,VIP,EAST,HOME,5,113.41,611.25,92.24,9.37,63.57,,2023-04-08T18:30:00.000Z
CLI_0076,Alice Johnson,reconcile72@test.com,TXN_00305,ITM_052,11/11/2023,167.10,COMPLETED,IN_TRANSIT,STANDARD,NORTH,ELECTRONICS,5,277.32,477.82,56.50,13.24,27.65,,2023-04-30T18:30:00.000Z
CLI_0445,Alice Johnson,reconcile73@test.com,TXN_00933,ITM_119,8/12/2023,868.32,FAILED,IN_TRANSIT,STANDARD,SOUTH,BOOKS,2,25.27,288.16,23.47,5.04,12.06,,2023-04-03T18:30:00.000Z
CLI_0022,John Smith,reconcile74@test.com,TXN_00277,ITM_106,5/18/2023,838.02,PENDING,DELIVERED,VIP,EAST,ELECTRONICS,6,195.04,678.03,23.61,13.48,18.35,,2023-02-27T18:30:00.000Z
CLI_0037,John Smith,reconcile75@test.com,TXN_00812,ITM_154,5/19/2023,286.34,COMPLETED,IN_TRANSIT,STANDARD,EAST,ELECTRONICS,4,101.26,649.95,61.49,19.86,13.34,,2023-04-25T18:30:00.000Z
CLI_0426,Jane Doe,reconcile76@test.com,TXN_00802,ITM_200,6/17/2023,188.66,PENDING,IN_TRANSIT,PREMIUM,NORTH,BOOKS,8,17.93,358.68,29.29,11.14,60.23,,2023-07-10T18:30:00.000Z
CLI_0397,Bob Wilson,reconcile77@test.com,TXN_00473,ITM_026,12/2/2023,989.19,FAILED,PENDING,PREMIUM,SOUTH,FASHION,3,34.65,515.97,31.75,12.25,52.92,,2023-03-26T18:30:00.000Z
CLI_0400,John Smith,reconcile78@test.com,TXN_00337,ITM_119,7/11/2023,938.98,FAILED,DELIVERED,STANDARD,EAST,ELECTRONICS,2,185.76,139.85,20.71,28.62,43.60,,2023-05-16T18:30:00.000Z
CLI_0427,John Smith,reconcile79@test.com,TXN_00825,ITM_139,11/1/2023,593.23,FAILED,IN_TRANSIT,VIP,EAST,BOOKS,10,253.68,657.25,41.37,15.16,61.21,,2023-01-08T18:30:00.000Z
CLI_0119,Jane Doe,reconcile80@test.com,TXN_00661,ITM_010,5/3/2023,481.05,COMPLETED,IN_TRANSIT,VIP,EAST,BOOKS,8,18.33,513.58,36.42,10.04,40.80,,2023-05-19T18:30:00.000Z
CLI_0315,John Smith,reconcile81@test.com,TXN_00575,ITM_039,8/6/2023,201.81,COMPLETED,PENDING,PREMIUM,EAST,HOME,3,136.43,181.94,61.31,25.82,8.15,,2023-12-13T18:30:00.000Z
CLI_0295,John Smith,reconcile82@test.com,TXN_00780,ITM_170,1/22/2023,74.41,PENDING,PENDING,PREMIUM,NORTH,HOME,8,188.73,660.81,50.58,16.96,32.39,,2023-12-10T18:30:00.000Z
CLI_0019,Jane Doe,reconcile83@test.com,TXN_00090,ITM_139,4/5/2023,278.28,PENDING,DELIVERED,STANDARD,EAST,HOME,2,70.45,786.95,16.30,22.66,14.30,,2023-02-06T18:30:00.000Z
CLI_0365,Jane Doe,reconcile84@test.com,TXN_00469,ITM_074,4/27/2023,908.22,PENDING,DELIVERED,PREMIUM,NORTH,ELECTRONICS,8,100.35,880.90,83.78,11.64,9.73,,2023-01-31T18:30:00.000Z
CLI_0281,Alice Johnson,reconcile85@test.com,TXN_00564,ITM_041,9/9/2023,824.95,PENDING,PENDING,STANDARD,WEST,FASHION,7,13.39,876.47,98.14,10.18,14.03,,2023-08-12T18:30:00.000Z
CLI_0251,Bob Wilson,reconcile86@test.com,TXN_00007,ITM_049,5/25/2023,943.80,FAILED,IN_TRANSIT,VIP,NORTH,HOME,9,37.35,746.67,17.22,28.69,11.96,,2023-11-30T18:30:00.000Z
CLI_0432,Jane Doe,reconcile87@test.com,TXN_00311,ITM_186,12/11/2023,821.99,COMPLETED,IN_TRANSIT,PREMIUM,NORTH,ELECTRONICS,7,69.69,767.97,70.32,18.69,8.06,,2023-03-10T18:30:00.000Z
CLI_0211,Alice Johnson,reconcile88@test.com,TXN_00571,ITM_116,4/8/2023,366.86,PENDING,IN_TRANSIT,STANDARD,WEST,BOOKS,6,91.06,219.22,74.50,16.44,23.87,,2023-07-10T18:30:00.000Z
CLI_0014,Jane Doe,reconcile89@test.com,TXN_00592,ITM_153,3/5/2023,829.61,COMPLETED,PENDING,PREMIUM,EAST,ELECTRONICS,9,13.68,564.44,8.12,27.80,37.89,Additional processing required,2023-12-17T18:30:00.000Z
CLI_0046,Jane Doe,reconcile90@test.com,TXN_00012,ITM_034,6/13/2023,193.45,COMPLETED,PENDING,VIP,EAST,FASHION,1,163.86,758.06,66.64,18.74,42.54,,2023-04-10T18:30:00.000Z
CLI_0200,Bob Wilson,reconcile91@test.com,TXN_00505,ITM_002,1/14/2023,647.44,FAILED,DELIVERED,STANDARD,SOUTH,FASHION,9,188.64,420.23,33.78,12.36,55.32,,2023-06-11T18:30:00.000Z
CLI_0220,Jane Doe,reconcile92@test.com,TXN_00757,ITM_120,8/3/2023,582.61,FAILED,DELIVERED,STANDARD,NORTH,HOME,10,142.48,519.26,62.82,29.60,63.60,,2023-07-15T18:30:00.000Z
CLI_0354,Jane Doe,reconcile93@test.com,TXN_00460,ITM_089,10/19/2023,611.81,PENDING,PENDING,PREMIUM,EAST,FASHION,6,106.42,727.36,65.25,7.81,32.37,,2023-08-16T18:30:00.000Z
CLI_0025,Jane Doe,reconcile94@test.com,TXN_00584,ITM_077,3/24/2023,952.15,COMPLETED,PENDING,STANDARD,NORTH,ELECTRONICS,4,75.81,405.04,48.60,10.87,21.81,,2023-07-08T18:30:00.000Z
CLI_0176,Alice Johnson,reconcile95@test.com,TXN_00266,ITM_165,9/21/2023,615.84,COMPLETED,PENDING,PREMIUM,SOUTH,HOME,5,282.89,689.98,40.15,17.86,42.28,,2023-06-06T18:30:00.000Z
CLI_0237,John Smith,reconcile96@test.com,TXN_00464,ITM_114,6/20/2023,998.78,COMPLETED,IN_TRANSIT,PREMIUM,WEST,ELECTRONICS,8,111.92,188.83,46.23,25.44,50.17,Additional processing required,2023-03-09T18:30:00.000Z
CLI_0260,John Smith,reconcile97@test.com,TXN_00675,ITM_135,7/20/2023,550.81,FAILED,PENDING,PREMIUM,SOUTH,FASHION,6,54.07,344.00,24.02,9.88,39.30,,2023-05-14T18:30:00.000Z
CLI_0477,Jane Doe,reconcile98@test.com,TXN_00324,ITM_097,1/12/2023,515.39,PENDING,DELIVERED,PREMIUM,SOUTH,HOME,6,266.73,201.31,56.89,15.03,40.94,,2023-12-20T18:30:00.000Z
CLI_0285,Bob Wilson,reconcile99@test.com,TXN_00620,ITM_164,6/4/2023,365.55,FAILED,PENDING,VIP,SOUTH,BOOKS,7,26.92,676.85,84.36,7.01,34.84,Additional processing required,2023-11-10T18:30:00.000Z
CLI_0384,John Smith,reconcile100@test.com,TXN_00422,ITM_086,8/24/2023,925.33,PENDING,IN_TRANSIT,VIP,SOUTH,BOOKS,2,60.04,240.79,58.88,29.60,10.93,Additional processing required,2023-01-09T18:30:00.000Z
CLI_0070,John Smith,reconcile101@test.com,TXN_00600,ITM_048,10/27/2023,765.16,PENDING,IN_TRANSIT,PREMIUM,NORTH,ELECTRONICS,3,28.69,155.94,95.72,6.40,49.63,,2023-04-26T18:30:00.000Z
CLI_0220,John Smith,reconcile102@test.com,TXN_00281,ITM_069,4/27/2023,369.63,COMPLETED,DELIVERED,VIP,WEST,HOME,5,108.01,748.69,42.59,19.72,59.64,,2023-08-21T18:30:00.000Z
CLI_0302,Jane Doe,reconcile103@test.com,TXN_00548,ITM_054,7/18/2023,842.12,FAILED,PENDING,STANDARD,EAST,ELECTRONICS,5,271.41,797.05,22.30,26.63,43.93,,2023-08-21T18:30:00.000Z
CLI_0168,Jane Doe,reconcile104@test.com,TXN_00165,ITM_002,3/17/2023,633.50,FAILED,DELIVERED,STANDARD,WEST,FASHION,3,269.10,507.84,80.66,28.13,8.93,,2023-09-12T18:30:00.000Z
CLI_0168,Bob Wilson,reconcile105@test.com,TXN_00071,ITM_138,10/22/2023,499.20,PENDING,PENDING,PREMIUM,WEST,ELECTRONICS,2,96.70,866.43,7.98,29.69,63.52,,2023-06-30T18:30:00.000Z
CLI_0200,Jane Doe,reconcile106@test.com,TXN_00855,ITM_014,9/19/2023,607.06,FAILED,DELIVERED,PREMIUM,WEST,HOME,6,265.07,493.96,33.17,19.65,38.36,,2023-12-11T18:30:00.000Z
CLI_0269,Bob Wilson,reconcile107@test.com,TXN_00995,ITM_048,2/21/2023,412.58,COMPLETED,IN_TRANSIT,VIP,NORTH,BOOKS,4,57.44,646.56,16.53,11.95,28.70,,2023-05-04T18:30:00.000Z
CLI_0254,Jane Doe,reconcile108@test.com,TXN_00943,ITM_090,12/5/2023,161.23,FAILED,DELIVERED,PREMIUM,SOUTH,HOME,1,25.39,540.88,0.85,18.55,59.21,,2023-03-02T18:30:00.000Z
CLI_0203,John Smith,reconcile109@test.com,TXN_00543,ITM_183,9/10/2023,396.91,COMPLETED,IN_TRANSIT,STANDARD,WEST,FASHION,1,58.31,810.18,23.30,20.59,50.10,,2023-07-10T18:30:00.000Z
CLI_0469,Alice Johnson,reconcile110@test.com,TXN_00822,ITM_127,7/18/2023,433.00,PENDING,PENDING,VIP,NORTH,BOOKS,2,207.56,760.73,38.70,7.94,30.24,,2023-03-25T18:30:00.000Z
CLI_0371,Bob Wilson,reconcile111@test.com,TXN_00688,ITM_154,7/26/2023,281.08,PENDING,DELIVERED,STANDARD,NORTH,ELECTRONICS,8,107.15,408.21,34.71,16.11,29.44,,2023-01-24T18:30:00.000Z
CLI_0293,Bob Wilson,reconcile112@test.com,TXN_00103,ITM_020,7/8/2023,530.03,COMPLETED,IN_TRANSIT,STANDARD,EAST,HOME,10,119.20,524.21,48.71,28.01,6.96,,2023-05-23T18:30:00.000Z
CLI_0403,Alice Johnson,reconcile113@test.com,TXN_00647,ITM_090,1/1/2023,625.08,PENDING,PENDING,VIP,SOUTH,BOOKS,2,136.61,360.25,66.96,25.92,63.51,,2023-09-02T18:30:00.000Z
CLI_0206,Bob Wilson,reconcile114@test.com,TXN_00576,ITM_090,5/4/2023,415.57,PENDING,PENDING,PREMIUM,EAST,HOME,4,62.42,711.52,85.35,17.61,52.64,,2023-10-10T18:30:00.000Z
CLI_0105,John Smith,reconcile115@test.com,TXN_00169,ITM_199,7/24/2023,333.83,PENDING,IN_TRANSIT,STANDARD,SOUTH,BOOKS,5,97.13,767.27,41.18,9.96,63.35,Additional processing required,2023-07-22T18:30:00.000Z
CLI_0359,John Smith,reconcile116@test.com,TXN_00940,ITM_184,5/21/2023,1047.27,PENDING,IN_TRANSIT,STANDARD,SOUTH,ELECTRONICS,1,16.92,322.17,74.17,23.95,30.58,Additional processing required,2023-01-08T18:30:00.000Z
CLI_0304,Jane Doe,reconcile117@test.com,TXN_00145,ITM_038,3/27/2023,316.43,COMPLETED,PENDING,VIP,EAST,ELECTRONICS,3,29.56,509.33,2.52,10.11,52.32,Additional processing required,2023-06-12T18:30:00.000Z
CLI_0473,Jane Doe,reconcile118@test.com,TXN_00079,ITM_031,1/5/2023,474.15,COMPLETED,DELIVERED,VIP,EAST,BOOKS,5,146.52,314.01,30.72,23.05,62.10,,2023-09-30T18:30:00.000Z
CLI_0053,Jane Doe,reconcile119@test.com,TXN_00772,ITM_147,3/27/2023,156.12,FAILED,PENDING,VIP,EAST,HOME,10,201.93,852.68,27.53,18.90,43.16,,2023-04-07T18:30:00.000Z
CLI_0057,Jane Doe,reconcile120@test.com,TXN_00225,ITM_181,7/2/2023,156.21,PENDING,DELIVERED,VIP,EAST,BOOKS,7,78.51,627.38,4.35,14.73,32.57,Additional processing required,2023-03-24T18:30:00.000Z
CLI_0154,Bob Wilson,reconcile121@test.com,TXN_00722,ITM_044,10/10/2023,668.78,COMPLETED,IN_TRANSIT,VIP,SOUTH,ELECTRONICS,9,34.11,454.38,7.88,28.79,58.93,Additional processing required,2023-08-16T18:30:00.000Z
CLI_0199,Jane Doe,reconcile122@test.com,TXN_00918,ITM_133,5/7/2023,172.39,COMPLETED,DELIVERED,VIP,EAST,BOOKS,5,110.09,305.99,17.34,19.96,48.39,,2023-04-16T18:30:00.000Z
CLI_0321,John Smith,reconcile123@test.com,TXN_00317,ITM_088,8/2/2023,808.48,COMPLETED,IN_TRANSIT,STANDARD,EAST,HOME,10,237.29,358.31,74.64,15.53,55.62,,2023-12-18T18:30:00.000Z
CLI_0408,Alice Johnson,reconcile124@test.com,TXN_00015,ITM_154,7/7/2023,872.01,PENDING,PENDING,STANDARD,EAST,ELECTRONICS,4,23.01,298.42,40.39,10.01,49.08,Additional processing required,2023-12-19T18:30:00.000Z
CLI_0460,Bob Wilson,reconcile125@test.com,TXN_00182,ITM_096,1/25/2023,807.65,FAILED,DELIVERED,STANDARD,SOUTH,HOME,7,179.54,412.83,39.05,5.97,49.23,Additional processing required,2023-07-01T18:30:00.000Z
CLI_0403,Jane Doe,reconcile126@test.com,TXN_01000,ITM_079,2/24/2023,300.33,FAILED,IN_TRANSIT,STANDARD,WEST,BOOKS,2,93.47,283.36,46.36,19.90,30.74,,2023-12-26T18:30:00.000Z
CLI_0020,Alice Johnson,reconcile127@test.com,TXN_00941,ITM_158,2/15/2023,735.00,PENDING,IN_TRANSIT,STANDARD,EAST,ELECTRONICS,9,111.96,158.47,5.96,18.28,41.54,,2023-10-31T18:30:00.000Z
CLI_0310,John Smith,reconcile128@test.com,TXN_00754,ITM_053,9/5/2023,269.72,FAILED,PENDING,STANDARD,EAST,ELECTRONICS,5,195.59,415.34,98.77,7.12,60.96,,2023-07-25T18:30:00.000Z
CLI_0212,Bob Wilson,reconcile129@test.com,TXN_00743,ITM_134,11/20/2023,526.70,COMPLETED,IN_TRANSIT,PREMIUM,EAST,HOME,4,235.30,725.12,76.74,20.95,9.23,,2023-04-19T18:30:00.000Z
CLI_0119,Bob Wilson,reconcile130@test.com,TXN_00939,ITM_097,1/5/2023,71.59,PENDING,DELIVERED,VIP,WEST,BOOKS,2,57.14,177.61,28.31,12.04,54.06,Additional processing required,2023-11-17T18:30:00.000Z
CLI_0227,John Smith,reconcile131@test.com,TXN_00529,ITM_192,4/12/2023,712.91,COMPLETED,DELIVERED,PREMIUM,WEST,ELECTRONICS,1,32.58,807.09,3.47,8.62,10.40,,2023-02-05T18:30:00.000Z
CLI_0418,John Smith,reconcile132@test.com,TXN_00231,ITM_091,3/5/2023,505.41,PENDING,IN_TRANSIT,STANDARD,EAST,FASHION,6,158.74,425.06,95.21,29.06,61.32,,2023-07-09T18:30:00.000Z
CLI_0273,Alice Johnson,reconcile133@test.com,TXN_00370,ITM_193,4/4/2023,746.14,PENDING,DELIVERED,PREMIUM,NORTH,HOME,3,72.93,874.39,58.24,12.97,49.39,,2023-06-05T18:30:00.000Z
CLI_0361,John Smith,reconcile134@test.com,TXN_00883,ITM_006,2/25/2023,570.20,COMPLETED,DELIVERED,PREMIUM,SOUTH,BOOKS,5,17.10,784.67,95.78,19.40,59.90,,2023-07-01T18:30:00.000Z
CLI_0227,Alice Johnson,reconcile135@test.com,TXN_00375,ITM_130,5/12/2023,554.66,COMPLETED,PENDING,STANDARD,SOUTH,ELECTRONICS,5,49.16,344.20,23.93,8.49,42.77,Additional processing required,2023-01-03T18:30:00.000Z
CLI_0123,John Smith,reconcile136@test.com,TXN_00197,ITM_008,10/28/2023,186.69,PENDING,DELIVERED,PREMIUM,NORTH,BOOKS,6,268.83,738.83,23.72,29.07,43.30,Additional processing required,2023-11-07T18:30:00.000Z
CLI_0137,Alice Johnson,reconcile137@test.com,TXN_00994,ITM_045,12/9/2023,160.30,FAILED,PENDING,PREMIUM,WEST,ELECTRONICS,10,283.39,710.73,14.37,9.33,64.85,,2023-03-18T18:30:00.000Z
CLI_0273,Bob Wilson,reconcile138@test.com,TXN_01000,ITM_081,3/14/2023,606.43,PENDING,DELIVERED,PREMIUM,WEST,ELECTRONICS,9,217.88,778.25,19.92,18.33,32.91,,2023-06-30T18:30:00.000Z
CLI_0486,Alice Johnson,reconcile139@test.com,TXN_00349,ITM_035,3/6/2023,383.41,COMPLETED,DELIVERED,PREMIUM,EAST,BOOKS,5,222.99,613.11,8.91,9.82,18.04,,2023-09-22T18:30:00.000Z
CLI_0342,Jane Doe,reconcile140@test.com,TXN_00082,ITM_039,3/25/2023,750.86,FAILED,DELIVERED,VIP,SOUTH,FASHION,2,34.79,854.47,55.96,13.47,49.01,,2023-07-03T18:30:00.000Z
CLI_0213,Jane Doe,reconcile141@test.com,TXN_00021,ITM_017,10/3/2023,799.84,FAILED,IN_TRANSIT,VIP,EAST,BOOKS,5,198.88,135.67,74.36,20.69,40.33,,2023-03-07T18:30:00.000Z
CLI_0193,Jane Doe,reconcile142@test.com,TXN_00473,ITM_020,12/19/2023,807.96,PENDING,IN_TRANSIT,PREMIUM,WEST,FASHION,2,101.84,658.59,91.71,17.29,51.49,,2023-08-01T18:30:00.000Z
CLI_0150,John Smith,reconcile143@test.com,TXN_00240,ITM_173,9/15/2023,637.38,FAILED,IN_TRANSIT,STANDARD,SOUTH,HOME,1,150.41,153.86,60.94,22.06,63.00,Additional processing required,2023-12-21T18:30:00.000Z
CLI_0041,John Smith,reconcile144@test.com,TXN_00700,ITM_014,12/28/2023,1016.59,PENDING,PENDING,VIP,SOUTH,BOOKS,3,299.04,835.19,72.45,29.38,43.96,,2023-03-23T18:30:00.000Z
CLI_0243,Bob Wilson,reconcile145@test.com,TXN_00137,ITM_106,8/27/2023,515.91,COMPLETED,PENDING,PREMIUM,NORTH,FASHION,8,254.05,441.55,8.21,29.16,32.75,,2023-03-25T18:30:00.000Z
CLI_0150,John Smith,reconcile146@test.com,TXN_00477,ITM_022,6/23/2023,309.76,PENDING,DELIVERED,PREMIUM,WEST,FASHION,1,234.82,180.56,38.69,10.16,5.95,Additional processing required,2023-07-17T18:30:00.000Z
CLI_0030,John Smith,reconcile147@test.com,TXN_00992,ITM_016,1/21/2023,66.60,FAILED,PENDING,STANDARD,EAST,HOME,2,148.18,535.28,37.41,10.16,42.30,,2023-04-12T18:30:00.000Z
CLI_0054,John Smith,reconcile148@test.com,TXN_00004,ITM_121,5/24/2023,541.41,PENDING,DELIVERED,VIP,WEST,BOOKS,1,62.97,438.91,97.51,28.78,52.26,,2023-10-21T18:30:00.000Z
CLI_0041,Jane Doe,reconcile149@test.com,TXN_00991,ITM_012,7/23/2023,486.97,PENDING,PENDING,PREMIUM,WEST,HOME,7,49.10,106.23,50.31,13.79,29.68,,2023-06-23T18:30:00.000Z
CLI_0277,Bob Wilson,reconcile150@test.com,TXN_00277,ITM_001,10/1/2023,357.85,COMPLETED,IN_TRANSIT,VIP,SOUTH,BOOKS,2,123.63,241.06,99.20,23.78,39.53,,2023-01-31T18:30:00.000Z
CLI_0300,John Smith,reconcile151@test.com,TXN_00961,ITM_100,6/8/2023,786.33,PENDING,PENDING,PREMIUM,SOUTH,HOME,2,304.31,713.76,64.26,13.50,48.70,Additional processing required,2023-08-06T18:30:00.000Z
CLI_0358,John Smith,reconcile152@test.com,TXN_00949,ITM_076,6/6/2023,70.85,FAILED,DELIVERED,VIP,NORTH,BOOKS,10,67.66,462.77,56.20,7.44,34.50,,2023-01-12T18:30:00.000Z
CLI_0201,Jane Doe,reconcile153@test.com,TXN_00674,ITM_013,6/1/2023,437.30,FAILED,DELIVERED,VIP,EAST,BOOKS,6,140.09,667.83,77.10,17.41,5.61,,2023-03-11T18:30:00.000Z
CLI_0276,Jane Doe,reconcile154@test.com,TXN_00360,ITM_144,6/5/2023,689.48,COMPLETED,IN_TRANSIT,STANDARD,SOUTH,BOOKS,7,75.66,540.82,55.46,22.24,52.48,Additional processing required,2023-07-03T18:30:00.000Z
CLI_0270,Jane Doe,reconcile155@test.com,TXN_00229,ITM_096,11/18/2023,148.32,COMPLETED,DELIVERED,STANDARD,WEST,HOME,1,286.58,637.17,13.67,26.92,7.33,Additional processing required,2023-02-24T18:30:00.000Z
CLI_0097,Alice Johnson,reconcile156@test.com,TXN_00735,ITM_084,8/11/2023,828.98,FAILED,PENDING,PREMIUM,NORTH,ELECTRONICS,9,59.94,767.43,97.93,10.48,8.19,,2023-09-02T18:30:00.000Z
CLI_0384,Alice Johnson,reconcile157@test.com,TXN_00245,ITM_077,8/20/2023,820.95,FAILED,DELIVERED,PREMIUM,EAST,HOME,2,114.56,500.87,25.15,7.81,21.05,,2023-07-21T18:30:00.000Z
CLI_0014,Jane Doe,reconcile158@test.com,TXN_00733,ITM_195,3/15/2023,556.60,COMPLETED,DELIVERED,PREMIUM,SOUTH,BOOKS,9,223.30,432.82,8.49,23.22,45.19,,2023-02-06T18:30:00.000Z
CLI_0138,Alice Johnson,reconcile159@test.com,TXN_00546,ITM_156,1/6/2023,925.55,FAILED,IN_TRANSIT,VIP,WEST,ELECTRONICS,8,32.62,715.24,53.14,7.21,31.61,,2023-02-14T18:30:00.000Z
CLI_0277,John Smith,reconcile160@test.com,TXN_00729,ITM_008,10/18/2023,207.57,COMPLETED,IN_TRANSIT,STANDARD,WEST,FASHION,1,248.82,238.22,6.94,28.18,63.33,,2023-08-11T18:30:00.000Z
CLI_0305,John Smith,reconcile161@test.com,TXN_00529,ITM_129,9/6/2023,161.60,COMPLETED,PENDING,STANDARD,WEST,BOOKS,6,104.99,546.79,45.71,22.92,20.73,,2023-02-25T18:30:00.000Z
CLI_0234,John Smith,reconcile162@test.com,TXN_00949,ITM_056,6/26/2023,475.18,PENDING,DELIVERED,VIP,WEST,BOOKS,6,203.99,444.25,80.68,28.43,45.80,Additional processing required,2023-05-02T18:30:00.000Z
CLI_0376,Bob Wilson,reconcile163@test.com,TXN_00087,ITM_051,5/6/2023,761.07,FAILED,PENDING,STANDARD,NORTH,ELECTRONICS,7,205.00,815.84,50.64,10.81,45.51,,2023-06-21T18:30:00.000Z
CLI_0481,Jane Doe,reconcile164@test.com,TXN_00410,ITM_175,12/20/2023,639.47,PENDING,IN_TRANSIT,PREMIUM,EAST,ELECTRONICS,3,254.35,479.38,67.19,18.34,42.53,,2023-08-11T18:30:00.000Z
CLI_0124,Jane Doe,reconcile165@test.com,TXN_00793,ITM_122,7/17/2023,133.10,PENDING,IN_TRANSIT,VIP,EAST,BOOKS,9,35.84,271.24,59.89,12.14,13.60,,2023-08-18T18:30:00.000Z
CLI_0423,Jane Doe,reconcile166@test.com,TXN_00125,ITM_001,9/3/2023,560.73,PENDING,IN_TRANSIT,STANDARD,EAST,HOME,2,147.56,113.23,72.00,9.56,55.04,Additional processing required,2023-10-31T18:30:00.000Z
CLI_0392,John Smith,reconcile167@test.com,TXN_00404,ITM_007,6/23/2023,794.99,FAILED,DELIVERED,PREMIUM,SOUTH,FASHION,10,284.99,118.28,76.90,5.24,52.80,,2023-05-16T18:30:00.000Z
CLI_0201,Alice Johnson,reconcile168@test.com,TXN_00905,ITM_185,5/24/2023,1025.54,FAILED,PENDING,PREMIUM,EAST,BOOKS,1,299.65,657.58,73.60,12.13,46.12,,2023-11-14T18:30:00.000Z
CLI_0453,John Smith,reconcile169@test.com,TXN_00730,ITM_127,6/8/2023,137.19,PENDING,PENDING,PREMIUM,SOUTH,ELECTRONICS,1,106.98,560.34,61.77,16.37,40.22,,2023-09-26T18:30:00.000Z
CLI_0434,Alice Johnson,reconcile170@test.com,TXN_00845,ITM_076,6/23/2023,821.01,PENDING,PENDING,VIP,WEST,ELECTRONICS,2,100.70,278.24,37.63,26.70,40.45,,2023-06-26T18:30:00.000Z
CLI_0258,John Smith,reconcile171@test.com,TXN_00096,ITM_118,6/12/2023,636.89,PENDING,DELIVERED,VIP,EAST,FASHION,9,147.49,894.75,3.37,8.22,44.36,,2023-10-23T18:30:00.000Z
CLI_0186,John Smith,reconcile172@test.com,TXN_00728,ITM_114,11/27/2023,974.56,PENDING,PENDING,STANDARD,WEST,HOME,7,217.67,754.83,87.16,16.27,33.34,Additional processing required,2023-12-16T18:30:00.000Z
CLI_0440,Alice Johnson,reconcile173@test.com,TXN_00215,ITM_030,5/25/2023,652.70,COMPLETED,DELIVERED,STANDARD,WEST,HOME,5,134.10,730.74,35.16,13.14,13.62,,2023-02-08T18:30:00.000Z
CLI_0373,Jane Doe,reconcile174@test.com,TXN_00312,ITM_050,7/20/2023,63.33,COMPLETED,DELIVERED,STANDARD,NORTH,HOME,7,201.93,468.08,40.90,8.22,14.35,Additional processing required,2023-09-08T18:30:00.000Z
CLI_0490,Alice Johnson,reconcile175@test.com,TXN_00791,ITM_087,11/25/2023,381.63,PENDING,PENDING,STANDARD,WEST,HOME,10,74.04,783.08,27.76,22.25,48.20,,2023-02-28T18:30:00.000Z
CLI_0125,Jane Doe,reconcile176@test.com,TXN_00966,ITM_102,2/18/2023,121.42,FAILED,DELIVERED,STANDARD,EAST,ELECTRONICS,8,75.27,507.03,13.63,18.23,42.42,Additional processing required,2023-03-06T18:30:00.000Z
CLI_0164,Bob Wilson,reconcile177@test.com,TXN_00111,ITM_122,10/9/2023,486.65,FAILED,PENDING,STANDARD,SOUTH,BOOKS,5,72.02,127.74,49.25,6.48,42.90,Additional processing required,2023-05-04T18:30:00.000Z
CLI_0199,Bob Wilson,reconcile178@test.com,TXN_00137,ITM_008,10/27/2023,817.95,PENDING,DELIVERED,STANDARD,WEST,ELECTRONICS,2,53.11,720.77,55.46,5.43,8.91,,2023-03-23T18:30:00.000Z
CLI_0024,Jane Doe,reconcile179@test.com,TXN_00957,ITM_068,12/25/2023,953.22,FAILED,DELIVERED,STANDARD,NORTH,BOOKS,10,54.46,442.61,73.31,14.59,39.55,Additional processing required,2023-02-24T18:30:00.000Z
CLI_0178,Bob Wilson,reconcile180@test.com,TXN_00989,ITM_051,9/12/2023,753.27,PENDING,DELIVERED,STANDARD,EAST,HOME,5,74.47,270.97,12.30,10.57,49.99,Additional processing required,2023-09-09T18:30:00.000Z
CLI_0247,John Smith,reconcile181@test.com,TXN_00350,ITM_130,12/9/2023,109.33,COMPLETED,IN_TRANSIT,STANDARD,WEST,FASHION,2,42.26,539.92,44.80,29.73,8.98,,2023-11-23T18:30:00.000Z
CLI_0176,Bob Wilson,reconcile182@test.com,TXN_00246,ITM_021,8/10/2023,881.20,FAILED,IN_TRANSIT,PREMIUM,WEST,BOOKS,8,297.29,533.51,42.33,12.14,23.08,,2023-11-26T18:30:00.000Z
CLI_0384,Alice Johnson,reconcile183@test.com,TXN_00676,ITM_128,7/27/2023,798.45,FAILED,PENDING,VIP,SOUTH,BOOKS,2,108.46,182.87,61.19,19.25,19.50,Additional processing required,2023-11-08T18:30:00.000Z
CLI_0347,Alice Johnson,reconcile184@test.com,TXN_00482,ITM_141,8/13/2023,111.19,FAILED,IN_TRANSIT,PREMIUM,WEST,BOOKS,1,153.57,500.21,68.89,15.05,42.38,,2023-08-22T18:30:00.000Z
CLI_0149,Bob Wilson,reconcile185@test.com,TXN_00239,ITM_116,6/13/2023,811.00,PENDING,IN_TRANSIT,PREMIUM,WEST,FASHION,9,307.32,491.79,90.44,11.46,58.59,Additional processing required,2023-03-11T18:30:00.000Z
CLI_0353,John Smith,reconcile186@test.com,TXN_00942,ITM_033,1/28/2023,495.40,FAILED,DELIVERED,VIP,WEST,ELECTRONICS,2,267.13,535.72,8.65,19.49,55.03,Additional processing required,2023-05-15T18:30:00.000Z
CLI_0078,Alice Johnson,reconcile187@test.com,TXN_00417,ITM_015,10/15/2023,439.63,COMPLETED,PENDING,PREMIUM,SOUTH,ELECTRONICS,9,287.59,212.32,15.09,8.87,14.27,,2023-02-05T18:30:00.000Z
CLI_0206,Alice Johnson,reconcile188@test.com,TXN_00396,ITM_134,3/6/2023,829.03,COMPLETED,DELIVERED,VIP,EAST,HOME,3,49.68,615.48,63.48,11.22,32.63,,2023-09-05T18:30:00.000Z
CLI_0444,Alice Johnson,reconcile189@test.com,TXN_00064,ITM_034,2/4/2023,173.54,FAILED,PENDING,STANDARD,WEST,HOME,7,47.43,301.99,75.16,23.62,14.45,,2023-03-31T18:30:00.000Z
CLI_0156,Alice Johnson,reconcile190@test.com,TXN_00893,ITM_028,4/18/2023,260.74,COMPLETED,IN_TRANSIT,PREMIUM,SOUTH,FASHION,5,39.69,208.83,22.11,15.46,44.76,Additional processing required,2023-08-18T18:30:00.000Z
CLI_0189,Bob Wilson,reconcile191@test.com,TXN_00528,ITM_125,1/26/2023,942.04,COMPLETED,IN_TRANSIT,STANDARD,EAST,HOME,10,303.66,802.08,22.63,7.72,28.34,,2023-12-02T18:30:00.000Z
CLI_0168,John Smith,reconcile192@test.com,TXN_00285,ITM_100,3/4/2023,241.18,FAILED,DELIVERED,PREMIUM,NORTH,ELECTRONICS,10,173.17,469.37,15.15,6.25,59.67,,2023-11-19T18:30:00.000Z
CLI_0277,John Smith,reconcile193@test.com,TXN_00314,ITM_169,6/17/2023,145.61,COMPLETED,IN_TRANSIT,STANDARD,EAST,HOME,6,142.24,112.59,34.63,5.87,45.42,Additional processing required,2023-09-21T18:30:00.000Z
CLI_0315,Jane Doe,reconcile194@test.com,TXN_00700,ITM_166,8/1/2023,1048.16,COMPLETED,DELIVERED,PREMIUM,WEST,ELECTRONICS,9,75.88,264.81,7.28,6.37,54.04,,2023-04-20T18:30:00.000Z
CLI_0100,Jane Doe,reconcile195@test.com,TXN_00779,ITM_072,11/28/2023,192.44,PENDING,PENDING,VIP,SOUTH,HOME,3,246.33,337.70,17.96,25.66,23.69,,2023-10-16T18:30:00.000Z
CLI_0001,Bob Wilson,reconcile196@test.com,TXN_00063,ITM_142,2/16/2023,884.88,COMPLETED,IN_TRANSIT,VIP,SOUTH,FASHION,1,238.61,491.56,96.10,18.57,15.79,Additional processing required,2023-08-09T18:30:00.000Z
CLI_0201,John Smith,reconcile197@test.com,TXN_00202,ITM_158,11/4/2023,544.24,COMPLETED,PENDING,PREMIUM,NORTH,ELECTRONICS,7,240.59,205.69,5.61,22.90,42.06,Additional processing required,2023-11-07T18:30:00.000Z
CLI_0073,Jane Doe,reconcile198@test.com,TXN_00295,ITM_102,1/23/2023,640.28,FAILED,PENDING,STANDARD,SOUTH,ELECTRONICS,4,201.25,849.75,91.50,28.93,60.57,Additional processing required,2023-01-07T18:30:00.000Z
CLI_0144,Jane Doe,reconcile199@test.com,TXN_00571,ITM_103,5/15/2023,801.19,FAILED,IN_TRANSIT,STANDARD,NORTH,ELECTRONICS,3,156.17,661.26,20.67,24.56,51.92,Additional processing required,2023-09-22T18:30:00.000Z
CLI_0400,Alice Johnson,reconcile200@test.com,TXN_00306,ITM_113,4/21/2023,723.18,FAILED,PENDING,STANDARD,SOUTH,FASHION,4,150.38,263.93,96.98,22.97,43.51,,2023-02-06T18:30:00.000Z
CLI_0286,Alice Johnson,reconcile201@test.com,TXN_00738,ITM_021,2/18/2023,545.96,FAILED,IN_TRANSIT,STANDARD,SOUTH,FASHION,1,237.32,220.41,14.02,15.08,7.59,,2023-03-11T18:30:00.000Z
CLI_0238,Alice Johnson,reconcile202@test.com,TXN_00133,ITM_008,8/12/2023,240.26,COMPLETED,DELIVERED,VIP,SOUTH,BOOKS,1,171.63,682.46,15.37,27.87,40.53,,2023-03-22T18:30:00.000Z
CLI_0005,Bob Wilson,reconcile203@test.com,TXN_00009,ITM_175,9/19/2023,840.28,COMPLETED,DELIVERED,STANDARD,SOUTH,BOOKS,6,63.18,767.49,65.99,19.29,13.86,,2023-09-18T18:30:00.000Z
CLI_0492,Alice Johnson,reconcile204@test.com,TXN_00901,ITM_105,7/12/2023,521.29,PENDING,IN_TRANSIT,PREMIUM,EAST,BOOKS,6,120.57,174.56,79.43,22.09,16.56,,2023-12-15T18:30:00.000Z
CLI_0060,Bob Wilson,reconcile205@test.com,TXN_00741,ITM_156,4/17/2023,192.65,FAILED,DELIVERED,VIP,EAST,ELECTRONICS,10,22.98,613.45,63.33,29.10,64.40,,2023-09-13T18:30:00.000Z
CLI_0397,Alice Johnson,reconcile206@test.com,TXN_00702,ITM_088,2/16/2023,212.59,COMPLETED,IN_TRANSIT,STANDARD,NORTH,HOME,9,308.75,120.14,65.92,22.72,5.70,,2023-01-06T18:30:00.000Z
CLI_0066,Bob Wilson,reconcile207@test.com,TXN_00044,ITM_178,1/20/2023,1014.63,PENDING,PENDING,STANDARD,EAST,BOOKS,5,113.43,717.21,90.87,24.41,57.15,,2023-08-06T18:30:00.000Z
CLI_0023,Bob Wilson,reconcile208@test.com,TXN_00384,ITM_179,8/16/2023,94.35,COMPLETED,PENDING,STANDARD,NORTH,BOOKS,4,299.77,241.73,34.59,5.59,37.20,,2023-10-08T18:30:00.000Z
CLI_0463,Alice Johnson,reconcile209@test.com,TXN_00831,ITM_135,10/25/2023,436.37,COMPLETED,IN_TRANSIT,VIP,EAST,ELECTRONICS,8,165.16,674.12,47.94,25.95,43.57,,2023-09-12T18:30:00.000Z
CLI_0394,Jane Doe,reconcile210@test.com,TXN_00776,ITM_121,4/17/2023,683.16,PENDING,IN_TRANSIT,PREMIUM,SOUTH,FASHION,6,158.75,742.24,96.60,15.34,42.38,Additional processing required,2023-11-02T18:30:00.000Z
CLI_0251,John Smith,reconcile211@test.com,TXN_00503,ITM_058,8/2/2023,88.12,COMPLETED,DELIVERED,STANDARD,SOUTH,HOME,6,68.21,478.04,53.64,8.07,57.78,,2023-08-16T18:30:00.000Z
CLI_0060,Bob Wilson,reconcile212@test.com,TXN_00357,ITM_073,12/13/2023,137.27,COMPLETED,DELIVERED,VIP,SOUTH,HOME,5,99.60,733.57,99.15,16.88,40.90,,2023-10-18T18:30:00.000Z
CLI_0362,Jane Doe,reconcile213@test.com,TXN_00881,ITM_180,10/9/2023,842.44,COMPLETED,PENDING,PREMIUM,EAST,FASHION,9,308.06,840.09,28.13,18.10,22.38,,2023-06-20T18:30:00.000Z
CLI_0408,John Smith,reconcile214@test.com,TXN_00567,ITM_132,1/19/2023,391.42,FAILED,DELIVERED,STANDARD,SOUTH,FASHION,2,141.43,665.25,98.12,18.48,35.26,Additional processing required,2023-06-10T18:30:00.000Z
CLI_0110,Jane Doe,reconcile215@test.com,TXN_00329,ITM_114,3/28/2023,1012.29,COMPLETED,DELIVERED,PREMIUM,WEST,HOME,3,298.19,666.12,86.09,25.75,47.17,,2023-11-12T18:30:00.000Z
CLI_0005,John Smith,reconcile216@test.com,TXN_00730,ITM_159,10/13/2023,796.37,PENDING,IN_TRANSIT,VIP,NORTH,ELECTRONICS,9,72.93,218.09,84.59,28.26,39.49,Additional processing required,2023-08-07T18:30:00.000Z
CLI_0298,Bob Wilson,reconcile217@test.com,TXN_00436,ITM_104,5/3/2023,709.81,FAILED,IN_TRANSIT,STANDARD,SOUTH,ELECTRONICS,1,261.95,130.32,88.78,10.28,41.00,,2023-06-10T18:30:00.000Z
CLI_0101,Alice Johnson,reconcile218@test.com,TXN_00854,ITM_182,4/8/2023,706.99,PENDING,DELIVERED,STANDARD,WEST,FASHION,10,302.03,322.50,39.91,11.84,6.29,,2023-09-12T18:30:00.000Z
CLI_0110,Bob Wilson,reconcile219@test.com,TXN_00381,ITM_186,12/19/2023,165.55,COMPLETED,PENDING,PREMIUM,SOUTH,HOME,1,81.58,771.93,99.23,20.38,18.84,,2023-10-19T18:30:00.000Z
CLI_0328,John Smith,reconcile220@test.com,TXN_00006,ITM_127,1/5/2023,644.05,PENDING,PENDING,VIP,NORTH,BOOKS,2,98.40,363.09,0.25,14.87,30.39,,2023-07-14T18:30:00.000Z
CLI_0135,Bob Wilson,reconcile221@test.com,TXN_00069,ITM_073,9/23/2023,153.77,PENDING,IN_TRANSIT,VIP,EAST,ELECTRONICS,3,301.74,855.05,87.58,26.92,9.37,,2023-11-21T18:30:00.000Z
CLI_0447,Alice Johnson,reconcile222@test.com,TXN_00959,ITM_141,11/28/2023,100.91,COMPLETED,IN_TRANSIT,STANDARD,NORTH,HOME,8,86.57,418.65,38.44,22.90,10.30,,2023-10-07T18:30:00.000Z
CLI_0303,John Smith,reconcile223@test.com,TXN_00835,ITM_053,4/19/2023,1012.63,COMPLETED,IN_TRANSIT,PREMIUM,SOUTH,BOOKS,6,282.35,846.38,87.37,10.95,54.61,,2023-01-10T18:30:00.000Z
CLI_0042,Bob Wilson,reconcile224@test.com,TXN_00792,ITM_200,3/18/2023,694.76,COMPLETED,IN_TRANSIT,VIP,NORTH,ELECTRONICS,1,278.20,666.34,73.34,19.33,20.31,,2023-07-03T18:30:00.000Z
CLI_0119,Alice Johnson,reconcile225@test.com,TXN_00867,ITM_182,11/20/2023,851.63,COMPLETED,PENDING,PREMIUM,SOUTH,HOME,7,118.78,642.09,19.66,15.28,55.00,,2023-06-23T18:30:00.000Z
CLI_0407,Bob Wilson,reconcile226@test.com,TXN_00159,ITM_163,12/14/2023,994.21,PENDING,DELIVERED,PREMIUM,SOUTH,BOOKS,6,144.59,664.16,27.56,8.55,33.64,,2023-03-21T18:30:00.000Z
CLI_0126,Jane Doe,reconcile227@test.com,TXN_00130,ITM_004,7/7/2023,1043.58,PENDING,IN_TRANSIT,VIP,SOUTH,ELECTRONICS,4,169.55,337.61,33.97,13.53,24.90,,2023-08-24T18:30:00.000Z
CLI_0446,Jane Doe,reconcile228@test.com,TXN_00426,ITM_162,7/14/2023,80.20,FAILED,IN_TRANSIT,PREMIUM,EAST,ELECTRONICS,9,174.25,870.80,83.36,23.65,55.66,Additional processing required,2023-11-13T18:30:00.000Z
CLI_0416,Alice Johnson,reconcile229@test.com,TXN_00453,ITM_126,10/13/2023,372.55,COMPLETED,DELIVERED,STANDARD,EAST,BOOKS,5,90.93,733.18,72.23,8.22,7.50,Additional processing required,2023-02-23T18:30:00.000Z
CLI_0255,Alice Johnson,reconcile230@test.com,TXN_00733,ITM_146,4/17/2023,518.86,COMPLETED,DELIVERED,PREMIUM,NORTH,BOOKS,1,237.54,624.74,58.52,18.60,63.67,,2023-10-03T18:30:00.000Z
CLI_0008,John Smith,reconcile231@test.com,TXN_00707,ITM_070,7/22/2023,222.17,PENDING,IN_TRANSIT,VIP,WEST,FASHION,10,156.62,597.62,8.44,21.22,56.69,,2023-04-03T18:30:00.000Z
CLI_0285,Bob Wilson,reconcile232@test.com,TXN_00965,ITM_128,10/10/2023,533.25,COMPLETED,PENDING,STANDARD,NORTH,ELECTRONICS,1,221.50,236.10,64.81,18.47,7.11,Additional processing required,2023-12-01T18:30:00.000Z
CLI_0484,John Smith,reconcile233@test.com,TXN_00925,ITM_173,8/17/2023,547.38,PENDING,DELIVERED,PREMIUM,SOUTH,HOME,3,59.52,730.18,33.78,27.31,11.94,,2023-09-26T18:30:00.000Z
CLI_0414,Jane Doe,reconcile234@test.com,TXN_00457,ITM_049,11/24/2023,283.05,FAILED,IN_TRANSIT,PREMIUM,WEST,FASHION,4,103.29,741.99,62.57,14.53,47.45,,2023-12-06T18:30:00.000Z
CLI_0380,Jane Doe,reconcile235@test.com,TXN_00130,ITM_081,8/10/2023,126.10,FAILED,IN_TRANSIT,VIP,WEST,FASHION,7,199.55,152.37,6.57,8.71,10.15,,2023-09-11T18:30:00.000Z
CLI_0496,Bob Wilson,reconcile236@test.com,TXN_00872,ITM_009,3/17/2023,288.54,COMPLETED,IN_TRANSIT,PREMIUM,EAST,ELECTRONICS,10,11.59,450.05,77.69,12.52,59.22,,2023-05-06T18:30:00.000Z
CLI_0149,Jane Doe,reconcile237@test.com,TXN_00998,ITM_063,10/24/2023,252.68,FAILED,DELIVERED,VIP,WEST,HOME,1,264.60,657.41,73.41,20.16,16.18,,2023-09-20T18:30:00.000Z
CLI_0053,Bob Wilson,reconcile238@test.com,TXN_00148,ITM_190,1/9/2023,143.26,FAILED,DELIVERED,STANDARD,SOUTH,ELECTRONICS,4,186.86,750.86,28.87,27.90,36.91,,2023-10-21T18:30:00.000Z
CLI_0270,Jane Doe,reconcile239@test.com,TXN_00812,ITM_108,10/21/2023,1002.28,PENDING,DELIVERED,VIP,WEST,FASHION,9,122.52,796.49,82.36,23.20,51.14,Additional processing required,2023-02-25T18:30:00.000Z
CLI_0135,John Smith,reconcile240@test.com,TXN_00468,ITM_165,12/9/2023,548.43,FAILED,DELIVERED,PREMIUM,NORTH,BOOKS,9,183.83,165.18,73.21,24.53,24.00,,2023-06-20T18:30:00.000Z
CLI_0228,Alice Johnson,reconcile241@test.com,TXN_00189,ITM_169,3/20/2023,341.08,FAILED,IN_TRANSIT,STANDARD,EAST,FASHION,2,238.26,659.21,31.58,24.89,17.16,Additional processing required,2023-08-15T18:30:00.000Z
CLI_0403,Jane Doe,reconcile242@test.com,TXN_00439,ITM_103,1/5/2023,913.29,COMPLETED,PENDING,VIP,SOUTH,HOME,1,221.86,284.48,28.88,29.95,55.99,,2023-04-17T18:30:00.000Z
CLI_0410,Alice Johnson,reconcile243@test.com,TXN_00769,ITM_099,5/14/2023,1014.65,COMPLETED,IN_TRANSIT,STANDARD,WEST,BOOKS,8,171.75,298.39,16.76,12.53,53.43,,2023-04-03T18:30:00.000Z
CLI_0345,Jane Doe,reconcile244@test.com,TXN_00002,ITM_097,3/9/2023,286.98,FAILED,DELIVERED,PREMIUM,NORTH,FASHION,5,81.04,651.66,88.14,19.05,41.60,Additional processing required,2023-02-12T18:30:00.000Z
CLI_0351,John Smith,reconcile245@test.com,TXN_00872,ITM_027,12/13/2023,686.21,PENDING,IN_TRANSIT,PREMIUM,WEST,BOOKS,6,134.65,289.86,54.32,27.16,36.56,Additional processing required,2023-06-06T18:30:00.000Z
CLI_0086,John Smith,reconcile246@test.com,TXN_00789,ITM_072,10/13/2023,431.49,FAILED,IN_TRANSIT,VIP,WEST,HOME,6,231.14,474.88,7.49,20.78,5.48,Additional processing required,2023-07-19T18:30:00.000Z
CLI_0243,Bob Wilson,reconcile247@test.com,TXN_00547,ITM_144,1/5/2023,480.56,PENDING,PENDING,PREMIUM,EAST,BOOKS,8,115.43,566.81,44.56,17.19,11.84,,2023-12-21T18:30:00.000Z
CLI_0405,Alice Johnson,reconcile248@test.com,TXN_00079,ITM_006,1/4/2023,293.94,COMPLETED,PENDING,STANDARD,NORTH,BOOKS,9,257.87,258.53,46.04,29.97,10.00,,2023-07-11T18:30:00.000Z
CLI_0373,Alice Johnson,reconcile249@test.com,TXN_00750,ITM_069,1/2/2023,567.89,PENDING,DELIVERED,STANDARD,SOUTH,FASHION,2,149.07,530.47,20.82,20.99,39.35,,2023-07-13T18:30:00.000Z
CLI_0335,Alice Johnson,reconcile250@test.com,TXN_00979,ITM_004,9/18/2023,462.55,PENDING,DELIVERED,STANDARD,SOUTH,ELECTRONICS,9,198.76,463.83,48.90,27.03,10.83,,2023-05-07T18:30:00.000Z
CLI_0496,Alice Johnson,reconcile251@test.com,TXN_00674,ITM_153,4/24/2023,178.58,PENDING,IN_TRANSIT,PREMIUM,EAST,FASHION,9,231.23,120.84,93.23,18.90,17.01,,2023-04-13T18:30:00.000Z
CLI_0481,Jane Doe,reconcile252@test.com,TXN_00920,ITM_107,11/4/2023,243.52,FAILED,IN_TRANSIT,VIP,EAST,BOOKS,1,194.42,766.45,17.06,18.29,34.41,,2023-02-23T18:30:00.000Z
CLI_0431,Bob Wilson,reconcile253@test.com,TXN_00631,ITM_158,1/2/2023,941.04,PENDING,PENDING,VIP,SOUTH,BOOKS,4,135.34,790.40,84.81,23.06,26.26,Additional processing required,2023-12-19T18:30:00.000Z
CLI_0102,Alice Johnson,reconcile254@test.com,TXN_00908,ITM_184,7/8/2023,526.51,COMPLETED,DELIVERED,STANDARD,EAST,ELECTRONICS,8,78.25,774.44,45.17,10.53,16.51,,2023-03-12T18:30:00.000Z
CLI_0133,Jane Doe,reconcile255@test.com,TXN_00085,ITM_086,2/4/2023,252.14,PENDING,DELIVERED,STANDARD,SOUTH,FASHION,7,304.52,819.75,51.89,5.77,43.76,Additional processing required,2023-10-04T18:30:00.000Z
CLI_0194,Jane Doe,reconcile256@test.com,TXN_00615,ITM_020,11/12/2023,492.30,FAILED,IN_TRANSIT,VIP,WEST,FASHION,3,104.80,370.86,19.90,18.83,35.50,,2023-11-04T18:30:00.000Z
CLI_0194,Bob Wilson,reconcile257@test.com,TXN_00024,ITM_120,2/27/2023,910.77,COMPLETED,PENDING,PREMIUM,SOUTH,ELECTRONICS,4,306.73,681.34,10.79,5.26,6.40,Additional processing required,2023-10-11T18:30:00.000Z
CLI_0446,Alice Johnson,reconcile258@test.com,TXN_00682,ITM_167,2/2/2023,1039.05,FAILED,PENDING,VIP,EAST,FASHION,8,149.59,599.69,58.65,15.03,27.59,Additional processing required,2023-10-14T18:30:00.000Z
CLI_0459,Bob Wilson,reconcile259@test.com,TXN_00073,ITM_007,8/5/2023,656.08,FAILED,DELIVERED,PREMIUM,SOUTH,ELECTRONICS,8,84.40,449.17,69.05,14.30,30.42,,2023-06-24T18:30:00.000Z
CLI_0285,Jane Doe,reconcile260@test.com,TXN_00835,ITM_131,11/16/2023,210.85,FAILED,DELIVERED,VIP,SOUTH,BOOKS,3,282.11,222.74,61.54,26.38,30.14,,2023-08-14T18:30:00.000Z
CLI_0083,Bob Wilson,reconcile261@test.com,TXN_00287,ITM_166,4/1/2023,710.57,COMPLETED,DELIVERED,PREMIUM,WEST,FASHION,2,133.05,696.88,39.61,16.68,52.36,Additional processing required,2023-11-24T18:30:00.000Z
CLI_0369,John Smith,reconcile262@test.com,TXN_00343,ITM_067,11/27/2023,927.16,COMPLETED,IN_TRANSIT,PREMIUM,WEST,HOME,9,294.59,315.67,79.91,10.60,14.55,,2023-05-01T18:30:00.000Z
CLI_0171,Jane Doe,reconcile263@test.com,TXN_00697,ITM_121,2/2/2023,187.11,COMPLETED,IN_TRANSIT,PREMIUM,EAST,FASHION,1,234.85,710.13,52.28,14.77,31.01,Additional processing required,2023-02-10T18:30:00.000Z
CLI_0259,Bob Wilson,reconcile264@test.com,TXN_00354,ITM_150,6/20/2023,1043.11,COMPLETED,IN_TRANSIT,PREMIUM,NORTH,ELECTRONICS,2,18.18,599.61,22.20,22.43,39.66,Additional processing required,2023-10-25T18:30:00.000Z
CLI_0364,John Smith,reconcile265@test.com,TXN_00204,ITM_169,3/7/2023,859.58,COMPLETED,DELIVERED,VIP,WEST,ELECTRONICS,5,105.62,772.48,82.53,8.48,8.42,,2023-12-13T18:30:00.000Z
CLI_0213,Alice Johnson,reconcile266@test.com,TXN_00227,ITM_086,6/22/2023,410.13,COMPLETED,DELIVERED,PREMIUM,EAST,FASHION,6,293.92,593.33,27.91,5.23,46.69,,2023-11-06T18:30:00.000Z
CLI_0159,John Smith,reconcile267@test.com,TXN_00963,ITM_044,10/27/2023,1023.32,COMPLETED,DELIVERED,STANDARD,SOUTH,HOME,9,113.79,773.31,2.36,13.68,22.85,Additional processing required,2023-08-15T18:30:00.000Z
CLI_0494,Bob Wilson,reconcile268@test.com,TXN_00167,ITM_050,12/4/2023,755.45,COMPLETED,DELIVERED,STANDARD,NORTH,FASHION,1,248.56,397.25,90.26,6.59,40.40,,2023-07-05T18:30:00.000Z
CLI_0342,John Smith,reconcile269@test.com,TXN_00998,ITM_080,12/4/2023,270.09,PENDING,PENDING,STANDARD,WEST,HOME,2,300.22,282.33,22.24,9.39,63.19,,2023-06-09T18:30:00.000Z
CLI_0251,John Smith,reconcile270@test.com,TXN_00093,ITM_038,2/12/2023,447.51,FAILED,PENDING,PREMIUM,EAST,ELECTRONICS,9,30.06,213.43,62.64,21.09,45.56,,2023-02-17T18:30:00.000Z
CLI_0225,Jane Doe,reconcile271@test.com,TXN_00992,ITM_190,11/22/2023,101.23,FAILED,DELIVERED,VIP,NORTH,HOME,9,146.91,303.78,15.75,22.43,64.41,,2023-02-04T18:30:00.000Z
CLI_0116,Jane Doe,reconcile272@test.com,TXN_00320,ITM_197,2/20/2023,392.91,FAILED,PENDING,PREMIUM,WEST,BOOKS,5,303.47,315.21,12.32,25.13,33.37,,2023-05-02T18:30:00.000Z
CLI_0459,Bob Wilson,reconcile273@test.com,TXN_00443,ITM_199,7/27/2023,919.66,COMPLETED,DELIVERED,VIP,WEST,FASHION,5,272.93,532.27,10.59,20.40,25.60,Additional processing required,2023-05-03T18:30:00.000Z
CLI_0165,Bob Wilson,reconcile274@test.com,TXN_00226,ITM_044,2/10/2023,130.71,FAILED,IN_TRANSIT,VIP,EAST,FASHION,5,31.42,543.69,11.65,27.93,6.95,,2023-06-18T18:30:00.000Z
CLI_0289,Jane Doe,reconcile275@test.com,TXN_00101,ITM_046,7/12/2023,590.20,FAILED,IN_TRANSIT,STANDARD,SOUTH,ELECTRONICS,6,210.63,400.51,61.53,5.08,45.71,Additional processing required,2023-05-04T18:30:00.000Z
CLI_0042,John Smith,reconcile276@test.com,TXN_00102,ITM_005,11/9/2023,166.11,PENDING,DELIVERED,PREMIUM,EAST,FASHION,9,41.34,283.77,25.58,10.74,29.60,,2023-12-12T18:30:00.000Z
CLI_0401,John Smith,reconcile277@test.com,TXN_00754,ITM_007,10/14/2023,217.97,PENDING,PENDING,STANDARD,WEST,FASHION,9,212.21,839.20,3.23,5.83,43.08,,2023-03-14T18:30:00.000Z
CLI_0180,Alice Johnson,reconcile278@test.com,TXN_00005,ITM_088,3/16/2023,690.91,COMPLETED,DELIVERED,PREMIUM,SOUTH,FASHION,1,78.97,831.51,11.57,12.29,62.57,,2023-04-16T18:30:00.000Z
CLI_0070,Bob Wilson,reconcile279@test.com,TXN_00233,ITM_085,8/19/2023,457.70,PENDING,DELIVERED,PREMIUM,EAST,ELECTRONICS,5,120.84,897.68,95.86,5.19,40.03,Additional processing required,2023-05-08T18:30:00.000Z
CLI_0126,Jane Doe,reconcile280@test.com,TXN_00496,ITM_106,12/17/2023,832.97,FAILED,DELIVERED,PREMIUM,SOUTH,FASHION,1,288.92,152.18,16.01,5.73,32.14,,2023-05-25T18:30:00.000Z
CLI_0216,Jane Doe,reconcile281@test.com,TXN_00796,ITM_144,11/9/2023,578.72,PENDING,DELIVERED,PREMIUM,EAST,BOOKS,3,71.25,704.81,20.34,15.16,45.56,Additional processing required,2023-08-25T18:30:00.000Z
CLI_0351,John Smith,reconcile282@test.com,TXN_00668,ITM_104,12/16/2023,1047.80,PENDING,PENDING,VIP,SOUTH,HOME,1,191.56,844.29,7.33,19.11,7.63,,2023-04-08T18:30:00.000Z
CLI_0272,Jane Doe,reconcile283@test.com,TXN_00234,ITM_134,3/15/2023,641.93,PENDING,PENDING,VIP,WEST,FASHION,10,307.61,575.50,88.57,6.02,23.05,,2023-12-03T18:30:00.000Z
CLI_0304,Jane Doe,reconcile284@test.com,TXN_00392,ITM_176,1/17/2023,247.48,FAILED,PENDING,STANDARD,EAST,ELECTRONICS,7,249.98,309.43,62.00,6.79,12.00,Additional processing required,2023-07-15T18:30:00.000Z
CLI_0463,John Smith,reconcile285@test.com,TXN_00571,ITM_124,12/12/2023,914.56,PENDING,PENDING,VIP,WEST,HOME,1,19.62,489.89,44.94,26.38,33.44,,2023-08-16T18:30:00.000Z
CLI_0129,Jane Doe,reconcile286@test.com,TXN_00413,ITM_018,3/18/2023,249.72,FAILED,PENDING,PREMIUM,SOUTH,ELECTRONICS,10,56.91,662.29,97.17,11.84,27.44,Additional processing required,2023-06-12T18:30:00.000Z
CLI_0256,Alice Johnson,reconcile287@test.com,TXN_00299,ITM_030,12/9/2023,811.18,PENDING,DELIVERED,PREMIUM,NORTH,ELECTRONICS,7,118.34,443.40,0.81,26.38,47.92,Additional processing required,2023-05-15T18:30:00.000Z
CLI_0361,Bob Wilson,reconcile288@test.com,TXN_00104,ITM_014,3/12/2023,346.93,FAILED,PENDING,STANDARD,EAST,ELECTRONICS,7,165.87,240.46,65.69,23.85,44.98,,2023-05-12T18:30:00.000Z
CLI_0180,Alice Johnson,reconcile289@test.com,TXN_00329,ITM_045,3/1/2023,383.08,PENDING,DELIVERED,PREMIUM,EAST,ELECTRONICS,1,244.90,621.61,51.74,22.72,29.12,,2023-10-10T18:30:00.000Z
CLI_0059,John Smith,reconcile290@test.com,TXN_00868,ITM_083,8/15/2023,183.40,FAILED,DELIVERED,PREMIUM,SOUTH,ELECTRONICS,3,301.14,213.39,47.20,22.41,44.81,,2023-11-19T18:30:00.000Z
CLI_0331,Alice Johnson,reconcile291@test.com,TXN_00059,ITM_142,3/23/2023,756.70,FAILED,DELIVERED,PREMIUM,WEST,FASHION,9,182.53,462.97,84.31,24.35,18.93,,2023-09-08T18:30:00.000Z
CLI_0152,Bob Wilson,reconcile292@test.com,TXN_00274,ITM_119,10/5/2023,268.85,PENDING,IN_TRANSIT,STANDARD,SOUTH,HOME,7,13.43,149.13,80.61,28.40,53.33,,2023-10-24T18:30:00.000Z
CLI_0401,Jane Doe,reconcile293@test.com,TXN_00110,ITM_036,9/21/2023,216.92,COMPLETED,DELIVERED,PREMIUM,WEST,FASHION,4,70.70,466.35,94.48,14.10,22.61,Additional processing required,2023-08-10T18:30:00.000Z
CLI_0040,Bob Wilson,reconcile294@test.com,TXN_00815,ITM_135,10/5/2023,808.99,FAILED,PENDING,PREMIUM,WEST,ELECTRONICS,6,19.53,113.48,97.51,19.25,61.62,,2023-09-16T18:30:00.000Z
CLI_0022,Alice Johnson,reconcile295@test.com,TXN_00437,ITM_019,10/5/2023,785.51,COMPLETED,IN_TRANSIT,VIP,SOUTH,FASHION,2,235.58,174.44,46.41,28.00,56.98,,2023-01-12T18:30:00.000Z
CLI_0489,Alice Johnson,reconcile296@test.com,TXN_00312,ITM_169,6/6/2023,385.20,PENDING,PENDING,PREMIUM,WEST,ELECTRONICS,5,108.99,504.06,1.35,14.52,59.46,,2023-09-02T18:30:00.000Z
CLI_0337,Bob Wilson,reconcile297@test.com,TXN_00570,ITM_120,12/13/2023,646.89,COMPLETED,IN_TRANSIT,PREMIUM,SOUTH,BOOKS,9,273.90,198.77,8.69,26.16,61.77,,2023-04-23T18:30:00.000Z
CLI_0334,Bob Wilson,reconcile298@test.com,TXN_00401,ITM_198,10/11/2023,307.13,FAILED,DELIVERED,STANDARD,WEST,BOOKS,4,147.44,313.17,73.64,16.86,51.93,,2023-02-25T18:30:00.000Z
CLI_0291,Alice Johnson,reconcile299@test.com,TXN_00915,ITM_186,5/8/2023,812.90,PENDING,DELIVERED,PREMIUM,EAST,BOOKS,2,87.36,697.76,18.89,25.58,13.92,,2023-07-04T18:30:00.000Z
CLI_0119,Jane Doe,reconcile300@test.com,TXN_00970,ITM_162,3/11/2023,1026.73,PENDING,DELIVERED,VIP,EAST,FASHION,1,101.09,200.33,37.19,12.22,5.20,Additional processing required,2023-07-23T18:30:00.000Z